date,prevclose,open,high,low,close,volume,amount,is_realtime
2021-06-01,,0.996,0.999,0.987,0.998,18237100,18111172,False
2021-06-02,,0.997,0.999,0.989,0.991,26477700,26333337,False
2021-06-03,,0.99,0.998,0.99,0.991,15759000,15660066,False
2021-06-04,,0.988,1.001,0.985,0.994,28589800,28325275,False
2021-06-07,,0.992,0.994,0.989,0.994,18710100,18541568,False
2021-06-08,,0.992,0.999,0.984,0.989,29297500,29001238,False
2021-06-09,,0.989,0.993,0.986,0.991,10933300,10823967,False
2021-06-10,,0.991,1.0,0.99,0.995,23440800,23352513,False
2021-06-11,,0.995,0.997,0.988,0.989,20328300,20139762,False
2021-06-15,,0.989,0.989,0.976,0.977,25026900,24515972,False
2021-06-16,,0.977,0.978,0.969,0.971,21966900,21349563,False
2021-06-17,,0.97,0.972,0.967,0.97,20598700,19973386,False
2021-06-18,,0.97,0.971,0.961,0.969,32436200,31354208,False
2021-06-21,,0.964,0.969,0.96,0.964,27712200,26698993,False
2021-06-22,,0.965,0.971,0.964,0.97,35422200,34289114,False
2021-06-23,,0.97,0.975,0.968,0.972,30647900,29793814,False
2021-06-24,,0.972,0.975,0.969,0.974,20402300,19851519,False
2021-06-25,,0.974,0.99,0.974,0.988,28382200,27870504,False
2021-06-28,,0.988,0.989,0.982,0.985,17766100,17492392,False
2021-06-29,,0.984,0.984,0.976,0.976,13840900,13557993,False
2021-06-30,,0.977,0.983,0.974,0.983,22914600,22422690,False
2021-07-01,,0.982,0.985,0.975,0.977,21053400,20634865,False
2021-07-02,,0.976,0.976,0.961,0.962,23898800,23099109,False
2021-07-05,,0.962,0.966,0.96,0.966,16272100,15669774,False
2021-07-06,,0.966,0.973,0.963,0.973,18363100,17779715,False
2021-07-07,,0.972,0.976,0.967,0.975,19091100,18564535,False
2021-07-08,,0.975,0.976,0.967,0.967,21582500,20919521,False
2021-07-09,,0.963,0.97,0.96,0.97,23161400,22348630,False
2021-07-12,,0.974,0.98,0.97,0.973,25560900,24927292,False
2021-07-13,,0.973,0.979,0.971,0.978,20414600,19928477,False
2021-07-14,,0.977,0.977,0.966,0.969,17531800,16996280,False
2021-07-15,,0.968,0.979,0.964,0.977,20700200,20120313,False
2021-07-16,,0.976,0.978,0.972,0.975,13454400,13115762,False
2021-07-19,,0.972,0.977,0.965,0.976,19119100,18562696,False
2021-07-20,,0.969,0.975,0.969,0.973,10528900,10233878,False
2021-07-21,,0.973,0.983,0.973,0.979,21092100,20655446,False
2021-07-22,,0.979,0.986,0.978,0.986,18959100,18657953,False
2021-07-23,,0.986,0.987,0.98,0.984,19953500,19604475,False
2021-07-26,,0.983,0.983,0.948,0.96,50458600,48624242,False
2021-07-27,,0.958,0.963,0.936,0.94,49251100,46817459,False
2021-07-28,,0.939,0.944,0.919,0.932,54373900,50400074,False
2021-07-29,,0.936,0.942,0.933,0.939,42355300,39722994,False
2021-07-30,,0.938,0.939,0.929,0.937,20610800,19218267,False
2021-08-02,,0.93,0.958,0.928,0.958,39394200,37263141,False
2021-08-03,,0.951,0.959,0.949,0.952,17736200,16904723,False
2021-08-04,,0.952,0.958,0.949,0.956,16646000,15901251,False
2021-08-05,,0.956,0.961,0.951,0.954,20863800,19961471,False
2021-08-06,,0.954,0.954,0.949,0.953,13662500,12998828,False
2021-08-09,,0.95,0.968,0.95,0.966,24475800,23562984,False
2021-08-10,,0.964,0.977,0.961,0.977,28702600,27817049,False
2021-08-11,,0.975,0.981,0.972,0.975,12241400,11968385,False
2021-08-12,,0.974,0.978,0.972,0.973,9143900,8909762,False
2021-08-13,,0.974,0.979,0.969,0.973,11221300,10918789,False
2021-08-16,,0.972,0.982,0.972,0.976,15961200,15612099,False
2021-08-17,,0.976,0.982,0.957,0.962,21844000,21160132,False
2021-08-18,,0.962,0.971,0.955,0.97,15471400,14920379,False
2021-08-19,,0.964,0.968,0.958,0.963,14671200,14120929,False
2021-08-20,,0.963,0.963,0.945,0.955,34037400,32391102,False
2021-08-23,,0.955,0.965,0.954,0.964,25928500,24923428,False
2021-08-24,,0.963,0.977,0.963,0.975,29690190,28858348,False
2021-08-25,,0.975,0.98,0.971,0.979,14954500,14593920,False
2021-08-26,,0.974,0.976,0.966,0.969,9592090,9314147,False
2021-08-27,,0.969,0.98,0.966,0.979,12062500,11766058,False
2021-08-30,,0.98,0.987,0.977,0.985,15267800,15007547,False
2021-08-31,,0.984,0.989,0.975,0.989,16391033,16096757,False
2021-09-01,,0.986,1.004,0.984,1.0,26518567,26369549,False
2021-09-02,,1.003,1.013,0.998,1.013,26666400,26803280,False
2021-09-03,,1.011,1.021,1.004,1.009,32248200,32605286,False
2021-09-06,,1.009,1.02,1.008,1.02,19279500,19583357,False
2021-09-07,,1.022,1.037,1.016,1.036,25996665,26670307,False
2021-09-08,,1.035,1.041,1.028,1.032,28700200,29671871,False
2021-09-09,,1.027,1.04,1.026,1.04,18833400,19445123,False
2021-09-10,,1.04,1.052,1.035,1.042,23920000,24984073,False
2021-09-13,,1.043,1.048,1.036,1.047,18295800,19094705,False
2021-09-14,,1.047,1.05,1.03,1.035,37584000,39032918,False
2021-09-15,,1.031,1.035,1.023,1.029,26439000,27194161,False
2021-09-16,,1.027,1.035,1.018,1.02,33753500,34609594,False
2021-09-17,,1.019,1.022,1.006,1.018,42400000,43008695,False
2021-09-22,,1.007,1.022,1.005,1.022,30295900,30703888,False
2021-09-23,,1.023,1.033,1.021,1.026,32612300,33498812,False
2021-09-24,,1.024,1.026,1.012,1.014,24083200,24543213,False
2021-09-27,,1.014,1.021,1.004,1.013,35000900,35385113,False
2021-09-28,,1.012,1.02,1.008,1.019,30870300,31293684,False
2021-09-29,,1.012,1.012,0.996,1.005,96100800,96432847,False
2021-09-30,,1.005,1.007,0.999,1.005,44539200,44671587,False
2021-10-08,,1.015,1.019,1.007,1.016,57231300,58086615,False
2021-10-11,,1.016,1.022,1.015,1.019,40238600,41028133,False
2021-10-12,,1.018,1.018,1.0,1.012,64897200,65409684,False
2021-10-13,,1.011,1.013,0.999,1.012,56028200,56353498,False
2021-10-14,,1.007,1.01,1.003,1.006,27662600,27829883,False
2021-10-15,,1.005,1.011,1.001,1.01,39386600,39694619,False
2021-10-18,,1.01,1.01,1.001,1.007,28884100,28996891,False
2021-10-19,,1.005,1.013,1.003,1.01,35622700,35975293,False
2021-10-20,,1.01,1.011,1.006,1.009,19319500,19475214,False
2021-10-21,,1.009,1.019,1.008,1.014,40907900,41451358,False
2021-10-22,,1.012,1.019,1.01,1.013,20766600,21054969,False
2021-10-25,,1.01,1.02,1.007,1.02,30267500,30704707,False
2021-10-26,,1.02,1.023,1.014,1.017,23230700,23657117,False
2021-10-27,,1.015,1.016,1.002,1.003,45039800,45321678,False
2021-10-28,,1.003,1.003,0.988,0.993,83982900,83459274,False
2021-10-29,,0.993,0.996,0.987,0.995,66590600,65983170,False
2021-11-01,,0.989,0.998,0.985,0.994,54463400,54086664,False
2021-11-02,,0.994,0.997,0.975,0.982,71456300,70368907,False
2021-11-03,,0.981,0.983,0.976,0.98,36854400,36085912,False
2021-11-04,,0.982,0.987,0.979,0.986,47489700,46692877,False
2021-11-05,,0.983,0.986,0.977,0.977,43825200,43003817,False
2021-11-08,,0.976,0.979,0.973,0.977,23440100,22887911,False
2021-11-09,,0.977,0.982,0.974,0.98,23817900,23303665,False
2021-11-10,,0.979,0.98,0.964,0.978,67793300,65818384,False
2021-11-11,,0.975,0.987,0.972,0.986,61760500,60597989,False
2021-11-12,,0.986,0.99,0.984,0.988,34406200,33963475,False
2021-11-15,,0.99,0.993,0.984,0.989,23335500,23068235,False
2021-11-16,,0.989,0.991,0.98,0.982,27999300,27581182,False
2021-11-17,,0.982,0.985,0.98,0.983,17173300,16877948,False
2021-11-18,,0.981,0.985,0.978,0.982,22116800,21697317,False
2021-11-19,,0.98,0.993,0.979,0.993,36654500,36225530,False
2021-11-22,,0.993,1.0,0.989,0.998,40280000,40157506,False
2021-11-23,,0.998,1.004,0.994,1.0,47907000,47971631,False
2021-11-24,,1.0,1.005,0.997,1.002,26816000,26850004,False
2021-11-25,,1.002,1.004,1.0,1.001,10135600,10146478,False
2021-11-26,,1.0,1.0,0.992,0.997,47644700,47454890,False
2021-11-29,,0.99,0.994,0.988,0.993,35242700,34925807,False
2021-11-30,,0.994,0.999,0.991,0.994,29245000,29108288,False
2021-12-01,,0.993,0.999,0.992,0.999,17851500,17776299,False
2021-12-02,,0.998,1.001,0.995,0.998,27687000,27644891,False
2021-12-03,,0.998,1.009,0.997,1.008,64151000,64359745,False
2021-12-06,,1.01,1.014,1.003,1.005,29549200,29831266,False
2021-12-07,,1.006,1.011,0.999,1.005,33805700,33913795,False
2021-12-08,,1.006,1.017,1.003,1.017,37990900,38382334,False
2021-12-09,,1.015,1.03,1.015,1.024,41094600,42045379,False
2021-12-10,,1.022,1.022,1.018,1.021,22009300,22452116,False
2021-12-13,,1.024,1.033,1.022,1.025,30695700,31555507,False
2021-12-14,,1.024,1.024,1.018,1.02,17498900,17843559,False
2021-12-15,,1.021,1.023,1.017,1.017,17569000,17914386,False
2021-12-16,,1.019,1.027,1.017,1.026,25188700,25730152,False
2021-12-17,,1.026,1.027,1.015,1.016,38493400,39223504,False
2021-12-20,,1.012,1.018,1.003,1.005,75411160,75987674,False
2021-12-21,,1.002,1.012,1.002,1.011,43444700,43765298,False
2021-12-22,,1.011,1.013,1.009,1.01,18043300,18235858,False
2021-12-23,,1.01,1.019,1.008,1.019,38388460,38918224,False
2021-12-24,,1.019,1.022,1.011,1.013,23736000,24099343,False
2021-12-27,,1.015,1.017,1.009,1.012,30290500,30667324,False
2021-12-28,,1.012,1.015,1.01,1.014,22829100,23111260,False
2021-12-29,,1.015,1.015,1.006,1.006,34678400,34983970,False
2021-12-30,,1.006,1.015,1.005,1.013,38790800,39255543,False
2021-12-31,,1.014,1.022,1.013,1.02,36982300,37651830,False
2022-01-04,,1.021,1.022,1.012,1.02,43408500,44124336,False
2022-01-05,,1.017,1.021,1.008,1.014,48299600,48913665,False
2022-01-06,,1.01,1.011,1.002,1.011,53379300,53680445,False
2022-01-07,,1.01,1.015,1.007,1.01,42845000,43334623,False
2022-01-10,,1.01,1.014,1.004,1.012,126064800,127350713,False
2022-01-11,,1.013,1.014,1.005,1.006,42889800,43282125,False
2022-01-12,,1.008,1.015,1.007,1.013,31908100,32270593,False
2022-01-13,,1.013,1.016,1.004,1.005,40431400,40791401,False
2022-01-14,,1.002,1.003,0.993,0.995,92043900,91765801,False
2022-01-17,,0.993,0.999,0.993,0.999,50361400,50196251,False
2022-01-18,,0.997,1.009,0.996,1.005,79347400,79636210,False
2022-01-19,,1.003,1.009,1.0,1.005,39133700,39315799,False
2022-01-20,,1.005,1.01,1.0,1.006,34945400,35127050,False
2022-01-21,,1.004,1.004,0.992,0.997,99206600,98849433,False
2022-01-24,,0.993,0.997,0.988,0.995,53266300,52856384,False
2022-01-25,,0.991,0.993,0.97,0.971,107801700,105849586,False
2022-01-26,,0.971,0.977,0.966,0.977,65811000,64045882,False
2022-01-27,,0.971,0.977,0.96,0.963,75560400,73099850,False
2022-01-28,,0.961,0.966,0.947,0.953,72757500,69568274,False
2022-02-07,,0.959,0.971,0.957,0.968,70457399,68047984,False
2022-02-08,,0.967,0.978,0.959,0.977,60612500,58695582,False
2022-02-09,,0.976,0.986,0.974,0.983,68391900,67034549,False
2022-02-10,,0.982,0.989,0.98,0.987,56256200,55419987,False
2022-02-11,,0.983,0.993,0.982,0.983,59122100,58458624,False
2022-02-14,,0.981,0.982,0.97,0.973,67846200,66173365,False
2022-02-15,,0.97,0.979,0.97,0.978,39653900,38639635,False
2022-02-16,,0.979,0.983,0.978,0.98,47044700,46105897,False
2022-02-17,,0.979,0.985,0.976,0.981,63340100,62155899,False
2022-02-18,,0.978,0.99,0.977,0.99,41236700,40546693,False
2022-02-21,,0.988,0.99,0.982,0.989,32346500,31873834,False
2022-02-22,,0.984,0.99,0.973,0.979,52729300,51569391,False
2022-02-23,,0.979,0.988,0.978,0.985,39657700,38974022,False
2022-02-24,,0.982,0.984,0.963,0.97,60257900,58675034,False
2022-02-25,,0.974,0.982,0.971,0.975,48528600,47412600,False
2022-02-28,,0.973,0.977,0.967,0.976,41157500,40022680,False
2022-03-01,,0.976,0.988,0.976,0.987,56520900,55517617,False
2022-03-02,,0.982,0.988,0.981,0.987,33649100,33110741,False
2022-03-03,,0.989,0.99,0.983,0.986,36123600,35667315,False
2022-03-04,,0.981,0.984,0.974,0.975,67554100,66059930,False
2022-03-07,,0.971,0.973,0.952,0.958,97184400,93550309,False
2022-03-08,,0.956,0.962,0.931,0.937,112917600,106564070,False
2022-03-09,,0.938,0.941,0.893,0.927,153328300,141304976,False
2022-03-10,,0.935,0.94,0.927,0.931,108521700,101402027,False
2022-03-11,,0.919,0.936,0.908,0.935,88518880,81476640,False
2022-03-14,,0.923,0.932,0.911,0.913,84771100,78245334,False
2022-03-15,,0.908,0.909,0.865,0.872,195559300,173148954,False
2022-03-16,,0.875,0.896,0.851,0.894,174990000,153200052,False
2022-03-17,,0.902,0.916,0.898,0.905,158626300,143775350,False
2022-03-18,,0.9,0.919,0.9,0.916,79816300,72595257,False
2022-03-21,,0.918,0.921,0.908,0.917,54111100,49530890,False
2022-03-22,,0.912,0.924,0.912,0.92,55975500,51402723,False
2022-03-23,,0.919,0.925,0.915,0.922,51340500,47248863,False
2022-03-24,,0.919,0.922,0.914,0.919,49525300,45459765,False
2022-03-25,,0.918,0.922,0.91,0.912,46548100,42610179,False
2022-03-28,,0.909,0.916,0.897,0.912,60459600,54805212,False
2022-03-29,,0.912,0.915,0.907,0.91,46868200,42698805,False
2022-03-30,,0.913,0.929,0.912,0.928,70885200,65216415,False
2022-03-31,,0.926,0.93,0.921,0.924,57283100,52990498,False
2022-04-01,,0.92,0.936,0.918,0.935,56911600,52914953,False
2022-04-06,,0.932,0.938,0.928,0.938,44095400,41128401,False
2022-04-07,,0.934,0.937,0.923,0.924,63780200,59233617,False
2022-04-08,,0.924,0.931,0.917,0.931,59018900,54612943,False
2022-04-11,,0.929,0.929,0.906,0.913,83863600,76711865,False
2022-04-12,,0.908,0.92,0.9,0.919,78942000,71837192,False
2022-04-13,,0.912,0.922,0.91,0.913,54887300,50249370,False
2022-04-14,,0.917,0.926,0.914,0.923,66865100,61528753,False
2022-04-15,,0.919,0.924,0.916,0.92,51990200,47819441,False
2022-04-18,,0.915,0.915,0.907,0.911,56992100,51935084,False
2022-04-19,,0.912,0.915,0.908,0.913,49923000,45547515,False
2022-04-20,,0.915,0.915,0.898,0.901,75225600,68173718,False
2022-04-21,,0.899,0.904,0.88,0.882,113021700,100627189,False
2022-04-22,,0.877,0.89,0.875,0.886,82352300,72650498,False
2022-04-25,,0.875,0.878,0.84,0.848,240022600,205930333,False
2022-04-26,,0.845,0.85,0.828,0.833,191356700,160445012,False
2022-04-27,,0.823,0.851,0.822,0.851,171486053,143653286,False
2022-04-28,,0.845,0.862,0.843,0.858,155404346,132733543,False
2022-04-29,,0.861,0.88,0.856,0.877,130226099,113294211,False
2022-05-05,,0.876,0.888,0.874,0.885,89856206,79333654,False
2022-05-06,,0.873,0.874,0.863,0.865,107425353,93340850,False
2022-05-09,,0.862,0.869,0.86,0.864,73353347,63345358,False
2022-05-10,,0.859,0.874,0.85,0.871,120410400,103881792,False
2022-05-11,,0.868,0.886,0.867,0.876,149207300,131180716,False
2022-05-12,,0.873,0.88,0.871,0.877,71042500,62179615,False
2022-05-13,,0.877,0.886,0.877,0.885,83691800,73805618,False
2022-05-16,,0.887,0.889,0.877,0.881,59494500,52402145,False
2022-05-17,,0.879,0.886,0.877,0.886,64255300,56722016,False
2022-05-18,,0.886,0.889,0.879,0.883,54944500,48534103,False
2022-05-19,,0.872,0.887,0.872,0.887,59660800,52424365,False
2022-05-20,,0.889,0.903,0.888,0.902,78534100,70380677,False
2022-05-23,,0.903,0.903,0.895,0.9,49215400,44224313,False
2022-05-24,,0.9,0.902,0.88,0.881,76004600,67784421,False
2022-05-25,,0.879,0.895,0.878,0.894,64696300,57249328,False
2022-05-26,,0.892,0.899,0.884,0.895,62062700,55433097,False
2022-05-27,,0.898,0.903,0.894,0.898,67512900,60763056,False
2022-05-30,,0.899,0.904,0.896,0.902,53949500,48553711,False
2022-05-31,,0.901,0.913,0.9,0.912,64717700,58642779,False
2022-06-01,,0.909,0.913,0.905,0.911,72775800,66178659,False
2022-06-02,,0.908,0.915,0.904,0.913,54484200,49552513,False
2022-06-06,,0.911,0.923,0.908,0.923,56454100,51724041,False
2022-06-07,,0.921,0.928,0.919,0.925,50119300,46277612,False
2022-06-08,,0.924,0.935,0.918,0.934,64122500,59357456,False
2022-06-09,,0.93,0.936,0.925,0.929,61158000,56946414,False
2022-06-10,,0.926,0.941,0.922,0.94,57529800,53584916,False
2022-06-13,,0.936,0.938,0.925,0.933,58272100,54344913,False
2022-06-14,,0.928,0.946,0.917,0.945,72204300,66926873,False
2022-06-15,,0.944,0.964,0.942,0.953,92699812,88236398,False
2022-06-16,,0.95,0.955,0.939,0.941,64761900,61389919,False
2022-06-17,,0.933,0.952,0.933,0.951,75789200,71488575,False
2022-06-20,,0.953,0.954,0.942,0.951,61636500,58418663,False
2022-06-21,,0.949,0.952,0.938,0.946,65416700,61931226,False
2022-06-22,,0.945,0.946,0.935,0.936,54745800,51527043,False
2022-06-23,,0.935,0.952,0.934,0.952,62519600,58879846,False
2022-06-24,,0.952,0.96,0.949,0.958,65336400,62335709,False
2022-06-27,,0.958,0.971,0.958,0.967,96385400,93117663,False
2022-06-28,,0.964,0.978,0.961,0.977,55858700,54017958,False
2022-06-29,,0.975,0.977,0.96,0.961,107539600,104257461,False
2022-06-30,,0.961,0.978,0.961,0.974,63370000,61507155,False
2022-07-01,,0.973,0.976,0.968,0.972,82497900,80160029,False
2022-07-04,,0.97,0.975,0.964,0.974,51257900,49731279,False
2022-07-05,,0.972,0.98,0.967,0.975,57529400,56105182,False
2022-07-06,,0.968,0.972,0.955,0.965,82521200,79541283,False
2022-07-07,,0.961,0.967,0.956,0.966,67143200,64587108,False
2022-07-08,,0.966,0.969,0.959,0.961,60998700,58788488,False
2022-07-11,,0.959,0.959,0.945,0.949,75410800,71682501,False
2022-07-12,,0.948,0.956,0.945,0.949,81138900,77108830,False
2022-07-13,,0.945,0.951,0.941,0.947,73057200,69175871,False
2022-07-14,,0.945,0.95,0.939,0.946,73335900,69221217,False
2022-07-15,,0.945,0.952,0.935,0.936,86621800,81829614,False
2022-07-18,,0.934,0.953,0.932,0.952,86041900,81040856,False
2022-07-19,,0.951,0.952,0.943,0.948,78248100,74140522,False
2022-07-20,,0.95,0.957,0.949,0.956,76174400,72623645,False
2022-07-21,,0.953,0.955,0.948,0.948,79778000,75961325,False
2022-07-22,,0.947,0.953,0.94,0.945,72946700,69073328,False
2022-07-25,,0.945,0.947,0.939,0.942,56812700,53543967,False
2022-07-26,,0.941,0.949,0.94,0.948,54424900,51394376,False
2022-07-27,,0.947,0.949,0.944,0.947,51931700,49132160,False
2022-07-28,,0.949,0.956,0.947,0.948,99807800,94918993,False
2022-07-29,,0.948,0.953,0.938,0.94,71122300,67220618,False
2022-08-01,,0.938,0.942,0.931,0.94,68120400,63781776,False
2022-08-02,,0.935,0.936,0.91,0.921,124264400,114379755,False
2022-08-03,,0.919,0.927,0.912,0.915,80957700,74605696,False
2022-08-04,,0.917,0.921,0.911,0.921,72454800,66421316,False
2022-08-05,,0.922,0.935,0.919,0.934,84577200,78160874,False
2022-08-08,,0.932,0.937,0.929,0.936,63596100,59357014,False
2022-08-09,,0.934,0.939,0.932,0.939,54569100,51061420,False
2022-08-10,,0.938,0.939,0.93,0.934,51310900,47979700,False
2022-08-11,,0.935,0.95,0.934,0.949,69844800,65731519,False
2022-08-12,,0.948,0.952,0.945,0.948,50856800,48203458,False
2022-08-15,,0.947,0.952,0.945,0.948,52268319,49599842,False
2022-08-16,,0.948,0.956,0.948,0.95,56421993,53717521,False
2022-08-17,,0.949,0.955,0.945,0.955,54446593,51705626,False
2022-08-18,,0.953,0.954,0.947,0.95,48950800,46529830,False
2022-08-19,,0.95,0.953,0.946,0.948,48368900,45926026,False
2022-08-22,,0.944,0.95,0.941,0.95,47784400,45220654,False
2022-08-23,,0.947,0.95,0.945,0.948,46565400,44102561,False
2022-08-24,,0.948,0.95,0.93,0.933,81237200,76352130,False
2022-08-25,,0.933,0.94,0.927,0.939,68979493,64390814,False
2022-08-26,,0.938,0.944,0.937,0.939,74436400,70019154,False
2022-08-29,,0.93,0.937,0.929,0.937,48848410,45573202,False
2022-08-30,,0.936,0.938,0.929,0.932,49279300,45966830,False
2022-08-31,,0.928,0.933,0.921,0.927,80441393,74540465,False
2022-09-01,,0.925,0.93,0.922,0.922,60000200,55571399,False
2022-09-02,,0.923,0.926,0.919,0.924,74455800,68736157,False
2022-09-05,,0.922,0.927,0.919,0.927,49835200,45987586,False
2022-09-06,,0.927,0.94,0.927,0.939,84131400,78431817,False
2022-09-07,,0.935,0.939,0.934,0.937,55722200,52167086,False
2022-09-08,,0.938,0.939,0.932,0.933,73394300,68707337,False
2022-09-09,,0.935,0.944,0.933,0.943,80356500,75435165,False
2022-09-13,,0.943,0.947,0.941,0.942,46304600,43677587,False
2022-09-14,,0.938,0.939,0.932,0.936,59830500,55958383,False
2022-09-15,,0.936,0.939,0.919,0.927,119479300,110974770,False
2022-09-16,,0.922,0.924,0.904,0.906,187800800,171646599,False
2022-09-19,,0.903,0.906,0.898,0.903,94957200,85634293,False
2022-09-20,,0.904,0.907,0.9,0.903,77511100,70023735,False
2022-09-21,,0.9,0.905,0.894,0.904,86910000,78193987,False
2022-09-22,,0.9,0.902,0.895,0.899,68665800,61683701,False
2022-09-23,,0.895,0.903,0.89,0.896,85210800,76468527,False
2022-09-26,,0.888,0.897,0.882,0.885,111061200,98820020,False
2022-09-27,,0.885,0.895,0.882,0.895,89379400,79286468,False
2022-09-28,,0.89,0.892,0.881,0.882,85143710,75468805,False
2022-09-29,,0.886,0.89,0.878,0.883,94212896,83371727,False
2022-09-30,,0.882,0.886,0.877,0.88,71959400,63392990,False
2022-10-10,,0.88,0.88,0.862,0.865,123400798,107573715,False
2022-10-11,,0.865,0.868,0.859,0.867,85159600,73544139,False
2022-10-12,,0.866,0.88,0.853,0.879,151240600,130451564,False
2022-10-13,,0.874,0.879,0.87,0.875,111033500,96973100,False
2022-10-14,,0.878,0.894,0.877,0.891,163880424,145205799,False
2022-10-17,,0.888,0.894,0.884,0.892,70969000,63048293,False
2022-10-18,,0.893,0.896,0.889,0.89,72773300,64921224,False
2022-10-19,,0.89,0.89,0.88,0.882,82487202,73018151,False
2022-10-20,,0.878,0.887,0.872,0.88,108644300,95359603,False
2022-10-21,,0.879,0.883,0.876,0.878,72702524,63907779,False
2022-10-24,,0.878,0.885,0.857,0.861,161090500,139905232,False
2022-10-25,,0.86,0.867,0.851,0.862,115883900,99391502,False
2022-10-26,,0.861,0.873,0.859,0.867,122409900,105970036,False
2022-10-27,,0.869,0.871,0.861,0.863,88292000,76480727,False
2022-10-28,,0.86,0.86,0.84,0.843,215014700,182802751,False
2022-10-31,,0.838,0.844,0.833,0.841,195537700,163746539,False
2022-11-01,,0.838,0.858,0.836,0.857,194222300,164309898,False
2022-11-02,,0.853,0.87,0.852,0.865,185977700,160294477,False
2022-11-03,,0.86,0.868,0.859,0.867,74425000,64236743,False
2022-11-04,,0.864,0.886,0.863,0.884,165882008,145545495,False
2022-11-07,,0.88,0.889,0.877,0.886,99974208,88382324,False
2022-11-08,,0.884,0.885,0.878,0.881,65463900,57672126,False
2022-11-09,,0.881,0.884,0.878,0.878,59673600,52544368,False
2022-11-10,,0.874,0.878,0.871,0.877,81161485,70894622,False
2022-11-11,,0.89,0.9,0.885,0.892,165232785,147227097,False
2022-11-14,,0.895,0.902,0.89,0.895,109887200,98532755,False
2022-11-15,,0.887,0.909,0.887,0.909,120401600,108368479,False
2022-11-16,,0.904,0.909,0.899,0.901,61609600,55645083,False
2022-11-17,,0.897,0.901,0.891,0.9,74055200,66281486,False
2022-11-18,,0.898,0.902,0.892,0.894,64378300,57750029,False
2022-11-21,,0.889,0.89,0.88,0.888,87708500,77492082,False
2022-11-22,,0.889,0.897,0.884,0.889,102299900,90914552,False
2022-11-23,,0.887,0.897,0.886,0.894,72302158,64413104,False
2022-11-24,,0.894,0.898,0.889,0.889,58092400,51915993,False
2022-11-25,,0.889,0.897,0.887,0.895,74324800,66373102,False
2022-11-28,,0.889,0.892,0.876,0.891,103113300,91012516,False
2022-11-29,,0.891,0.913,0.891,0.912,131178200,118352024,False
2022-11-30,,0.907,0.914,0.907,0.911,78358300,71391998,False
2022-12-01,,0.918,0.925,0.913,0.914,106435200,97804224,False
2022-12-02,,0.912,0.916,0.91,0.912,77329900,70558900,False
2022-12-05,,0.917,0.933,0.917,0.931,105525900,97452984,False
2022-12-06,,0.927,0.932,0.924,0.928,66742300,61914814,False
2022-12-07,,0.927,0.931,0.921,0.923,75245200,69563252,False
2022-12-08,,0.922,0.926,0.92,0.924,53681800,49540585,False
2022-12-09,,0.922,0.928,0.918,0.927,59739498,55121040,False
2022-12-12,,0.923,0.925,0.916,0.919,61684800,56773563,False
2022-12-13,,0.916,0.92,0.915,0.918,43431800,39852891,False
2022-12-14,,0.918,0.921,0.915,0.918,49782800,45681184,False
2022-12-15,,0.918,0.919,0.913,0.917,58131000,53203602,False
2022-12-16,,0.913,0.918,0.912,0.915,73451400,67173683,False
2022-12-19,,0.917,0.917,0.895,0.899,128553300,116337087,False
2022-12-20,,0.896,0.896,0.885,0.89,187820900,167349935,False
2022-12-21,,0.89,0.892,0.884,0.888,129251900,114783955,False
2022-12-22,,0.891,0.894,0.88,0.886,128799300,114402093,False
2022-12-23,,0.881,0.886,0.878,0.881,138393800,122044151,False
2022-12-26,,0.881,0.886,0.881,0.886,106519900,94176997,False
2022-12-27,,0.888,0.894,0.887,0.893,133408800,118737650,False
2022-12-28,,0.89,0.893,0.888,0.89,70848100,63067458,False
2022-12-29,,0.886,0.891,0.884,0.888,202653800,180097783,False
2022-12-30,,0.89,0.895,0.889,0.893,117407801,104764161,False
2023-01-03,,0.891,0.903,0.888,0.902,150711700,135241679,False
2023-01-04,,0.9,0.904,0.898,0.903,82349000,74269567,False
2023-01-05,,0.905,0.915,0.905,0.914,106718600,97102924,False
2023-01-06,,0.913,0.918,0.911,0.914,69906900,63928713,False
2023-01-09,,0.915,0.922,0.915,0.92,72544209,66667813,False
2023-01-10,,0.919,0.92,0.915,0.918,49440500,45336676,False
2023-01-11,,0.917,0.923,0.908,0.915,65283400,59965206,False
2023-01-12,,0.917,0.92,0.914,0.918,50993100,46759129,False
2023-01-13,,0.919,0.931,0.918,0.929,66204300,61124960,False
2023-01-16,,0.929,0.944,0.928,0.936,63203600,59173130,False
2023-01-17,,0.936,0.938,0.933,0.936,40858700,38233696,False
2023-01-18,,0.935,0.939,0.934,0.936,55021500,51510230,False
2023-01-19,,0.934,0.942,0.931,0.942,54981500,51476504,False
2023-01-20,,0.942,0.949,0.942,0.949,48972300,46346360,False
2023-01-30,,0.958,0.961,0.948,0.949,60478300,57696058,False
2023-01-31,,0.946,0.953,0.942,0.945,53085700,50282130,False
2023-02-01,,0.945,0.957,0.942,0.955,66682300,63173346,False
2023-02-02,,0.955,0.956,0.949,0.952,54142800,51574987,False
2023-02-03,,0.948,0.949,0.937,0.946,73748400,69478679,False
2023-02-06,,0.939,0.942,0.933,0.94,70127100,65723393,False
2023-02-07,,0.938,0.949,0.937,0.942,59604000,56068803,False
2023-02-08,,0.943,0.944,0.936,0.937,49705300,46690058,False
2023-02-09,,0.933,0.952,0.933,0.95,76647500,72322686,False
2023-02-10,,0.949,0.949,0.942,0.945,56057500,53007488,False
2023-02-13,,0.943,0.954,0.942,0.952,73742500,70040638,False
2023-02-14,,0.953,0.955,0.949,0.954,42796700,40751159,False
2023-02-15,,0.953,0.954,0.948,0.951,50110800,47614808,False
2023-02-16,,0.948,0.959,0.935,0.941,91363200,86947977,False
2023-02-17,,0.941,0.946,0.933,0.934,67099000,63081611,False
2023-02-20,,0.935,0.961,0.935,0.959,95851700,90635436,False
2023-02-21,,0.956,0.961,0.952,0.961,68524200,65558658,False
2023-02-22,,0.956,0.96,0.953,0.956,62215700,59506890,False
2023-02-23,,0.956,0.96,0.951,0.954,62172700,59436206,False
2023-02-24,,0.955,0.955,0.945,0.948,61645800,58542298,False
2023-02-27,,0.946,0.952,0.945,0.946,62522700,59316755,False
2023-02-28,,0.948,0.956,0.943,0.956,59509300,56432996,False
2023-03-01,,0.954,0.968,0.951,0.967,90402200,86700196,False
2023-03-02,,0.963,0.967,0.962,0.964,54438000,52492932,False
2023-03-03,,0.965,0.97,0.96,0.968,64896510,62657687,False
2023-03-06,,0.968,0.968,0.96,0.965,63509600,61211056,False
2023-03-07,,0.962,0.97,0.951,0.952,101146191,97406921,False
2023-03-08,,0.949,0.958,0.946,0.956,61112110,58058429,False
2023-03-09,,0.953,0.956,0.947,0.952,53250800,50699342,False
2023-03-10,,0.947,0.948,0.939,0.94,89617100,84523296,False
2023-03-13,,0.94,0.951,0.936,0.949,85808900,81040934,False
2023-03-14,,0.949,0.949,0.936,0.944,78710000,74231330,False
2023-03-15,,0.947,0.953,0.947,0.95,73252100,69584244,False
2023-03-16,,0.945,0.949,0.943,0.945,67829400,64148755,False
2023-03-17,,0.947,0.962,0.947,0.953,110511590,105446155,False
2023-03-20,,0.953,0.956,0.946,0.947,70833790,67383409,False
2023-03-21,,0.948,0.954,0.946,0.953,65262590,61986076,False
2023-03-22,,0.954,0.959,0.953,0.958,72218510,69085980,False
2023-03-23,,0.955,0.963,0.953,0.962,67587598,64736775,False
2023-03-24,,0.961,0.961,0.952,0.954,88014600,84117944,False
2023-03-27,,0.953,0.954,0.945,0.953,82879900,78699810,False
2023-03-28,,0.952,0.957,0.95,0.952,67756700,64612091,False
2023-03-29,,0.953,0.955,0.948,0.951,84623800,80417351,False
2023-03-30,,0.95,0.955,0.944,0.954,86356710,81961439,False
2023-03-31,,0.953,0.961,0.952,0.959,96469500,92288058,False
2023-04-03,,0.958,0.966,0.957,0.965,87915800,84462399,False
2023-04-04,,0.964,0.97,0.961,0.968,281144400,271996673,False
2023-04-06,,0.968,0.969,0.965,0.968,61591000,59549545,False
2023-04-07,,0.968,0.974,0.966,0.972,57342700,55725631,False
2023-04-10,,0.973,0.976,0.97,0.971,62634000,60953405,False
2023-04-11,,0.972,0.973,0.964,0.972,67230800,65177185,False
2023-04-12,,0.973,0.98,0.972,0.975,275352500,269142444,False
2023-04-13,,0.974,0.977,0.97,0.973,60514600,58964567,False
2023-04-14,,0.975,0.98,0.974,0.979,53650000,52424725,False
2023-04-17,,0.979,0.998,0.978,0.997,89009700,88047332,False
2023-04-18,,0.998,1.0,0.993,0.999,77762200,77533212,False
2023-04-19,,0.998,0.999,0.99,0.992,81395500,80938601,False
2023-04-20,,0.992,0.992,0.984,0.992,94975200,93770207,False
2023-04-21,,0.991,0.991,0.97,0.971,214561200,209599371,False
2023-04-24,,0.968,0.972,0.962,0.967,111350800,107711485,False
2023-04-25,,0.967,0.968,0.952,0.962,266437200,256115700,False
2023-04-26,,0.96,0.964,0.953,0.961,134011400,128420403,False
2023-04-27,,0.958,0.972,0.957,0.967,249875978,241420535,False
2023-04-28,,0.966,0.98,0.966,0.98,117457952,114338192,False
2023-05-04,,0.976,0.988,0.973,0.988,99478100,97690008,False
2023-05-05,,0.986,0.993,0.978,0.982,97684600,96148535,False
2023-05-08,,0.982,0.999,0.982,0.999,125807770,124854128,False
2023-05-09,,0.998,1.002,0.985,0.986,131586130,130872802,False
2023-05-10,,0.983,0.983,0.971,0.976,130406100,127341481,False
2023-05-11,,0.974,0.978,0.971,0.973,84470300,82291471,False
2023-05-12,,0.973,0.976,0.96,0.96,174712000,168980288,False
2023-05-15,,0.96,0.975,0.953,0.975,337099100,324255678,False
2023-05-16,,0.973,0.976,0.967,0.967,273072800,265234799,False
2023-05-17,,0.965,0.971,0.961,0.968,136674500,131956495,False
2023-05-18,,0.968,0.973,0.965,0.969,169574919,164418899,False
2023-05-19,,0.966,0.97,0.961,0.967,179361800,173010365,False
2023-05-22,,0.964,0.973,0.963,0.971,146421900,141803185,False
2023-05-23,,0.969,0.97,0.955,0.957,282496919,272004486,False
2023-05-24,,0.954,0.955,0.944,0.945,387323600,367594406,False
2023-05-25,,0.94,0.947,0.934,0.944,330866100,311169187,False
2023-05-26,,0.941,0.949,0.937,0.946,249120000,234962915,False
2023-05-29,,0.947,0.951,0.944,0.949,192889926,182835796,False
2023-05-30,,0.947,0.951,0.939,0.95,212911300,201234031,False
2023-05-31,,0.946,0.947,0.94,0.943,203700100,192186253,False
2023-06-01,,0.941,0.948,0.94,0.943,176111200,166195286,False
2023-06-02,,0.945,0.95,0.944,0.95,213750222,202535911,False
2023-06-05,,0.949,0.952,0.946,0.949,118065450,112053361,False
2023-06-06,,0.948,0.955,0.939,0.942,249011600,235735521,False
2023-06-07,,0.942,0.945,0.939,0.943,157214300,148131739,False
2023-06-08,,0.941,0.95,0.937,0.946,499297700,472455833,False
2023-06-09,,0.946,0.953,0.944,0.953,627601600,596983000,False
2023-06-12,,0.952,0.956,0.946,0.952,424478897,404398129,False
2023-06-13,,0.95,0.955,0.949,0.955,161461800,153682491,False
2023-06-14,,0.953,0.958,0.953,0.954,280743438,268191873,False
2023-06-15,,0.954,0.962,0.953,0.961,151859838,145438329,False
2023-06-16,,0.961,0.97,0.961,0.968,381271738,368362982,False
2023-06-19,,0.966,0.969,0.962,0.968,346572203,334230129,False
2023-06-20,,0.889,0.889,0.882,0.884,139550500,123516650,False
2023-06-21,,0.882,0.883,0.874,0.875,184110900,161804781,False
2023-06-26,,0.87,0.871,0.86,0.862,361172200,312293815,False
2023-06-27,,0.862,0.871,0.86,0.869,241927900,209509018,False
2023-06-28,,0.869,0.872,0.863,0.871,186216262,161535934,False
2023-06-29,,0.869,0.874,0.868,0.87,141587600,123237033,False
2023-06-30,,0.869,0.88,0.868,0.877,164949200,144328001,False
2023-07-03,,0.878,0.887,0.878,0.886,195926000,173085292,False
2023-07-04,,0.885,0.887,0.882,0.886,164389000,145474560,False
2023-07-05,,0.886,0.887,0.88,0.883,192319300,169812477,False
2023-07-06,,0.881,0.884,0.875,0.878,196922800,173064761,False
2023-07-07,,0.876,0.879,0.873,0.875,127192000,111369454,False
2023-07-10,,0.878,0.88,0.874,0.878,122155100,107183073,False
2023-07-11,,0.878,0.884,0.876,0.883,195663218,172357338,False
2023-07-12,,0.883,0.884,0.875,0.877,134735300,118489039,False
2023-07-13,,0.879,0.888,0.879,0.887,230965598,204227840,False
2023-07-14,,0.888,0.892,0.886,0.89,163129198,145058914,False
2023-07-17,,0.887,0.888,0.881,0.885,143012300,126303837,False
2023-07-18,,0.885,0.886,0.881,0.883,127179677,112300346,False
2023-07-19,,0.882,0.885,0.879,0.884,167124600,147367296,False
2023-07-20,,0.884,0.886,0.874,0.875,271337000,238545812,False
2023-07-21,,0.875,0.879,0.872,0.876,171550700,150138018,False
2023-07-24,,0.874,0.878,0.87,0.875,212863000,186194075,False
2023-07-25,,0.883,0.897,0.883,0.896,527329077,468917478,False
2023-07-26,,0.893,0.895,0.89,0.892,272648577,243309064,False
2023-07-27,,0.893,0.898,0.889,0.891,224435500,200638646,False
2023-07-28,,0.886,0.911,0.886,0.909,520707200,471086575,False
2023-07-31,,0.91,0.922,0.909,0.912,277214519,253380737,False
2023-08-01,,0.91,0.916,0.909,0.911,115382200,105231815,False
2023-08-02,,0.909,0.913,0.901,0.906,196072700,177732186,False
2023-08-03,,0.903,0.911,0.901,0.91,224724300,203638963,False
2023-08-04,,0.916,0.921,0.911,0.913,491792700,450432119,False
2023-08-07,,0.91,0.91,0.905,0.907,248550400,225422112,False
2023-08-08,,0.906,0.91,0.902,0.906,167732900,151811233,False
2023-08-09,,0.904,0.906,0.901,0.903,219741400,198450284,False
2023-08-10,,0.902,0.905,0.898,0.904,224171800,202154932,False
2023-08-11,,0.904,0.904,0.887,0.888,550925262,492068888,False
2023-08-14,,0.88,0.885,0.873,0.885,551600857,485008119,False
2023-08-15,,0.882,0.885,0.875,0.883,333663100,294106491,False
2023-08-16,,0.879,0.883,0.877,0.877,363180000,319388017,False
2023-08-17,,0.873,0.882,0.87,0.881,376690500,329766971,False
2023-08-18,,0.88,0.885,0.874,0.874,391740100,344558166,False
2023-08-21,,0.873,0.874,0.861,0.862,549430544,476798206,False
2023-08-22,,0.863,0.871,0.857,0.87,457698034,395387767,False
2023-08-23,,0.832,0.833,0.823,0.825,322009367,266731002,False
2023-08-24,,0.826,0.83,0.822,0.827,335510027,277106456,False
2023-08-25,,0.823,0.826,0.818,0.82,454660388,373411985,False
2023-08-28,,0.86,0.865,0.828,0.831,1254921317,1058185466,False
2023-08-29,,0.828,0.842,0.827,0.84,447460488,374141290,False
2023-08-30,,0.839,0.843,0.837,0.84,289391736,243130172,False
2023-08-31,,0.839,0.84,0.833,0.835,366885036,306444232,False
2023-09-01,,0.837,0.84,0.835,0.837,205807851,172272187,False
2023-09-04,,0.84,0.848,0.839,0.847,450145300,380017783,False
2023-09-05,,0.846,0.846,0.842,0.843,171885200,144993845,False
2023-09-06,,0.841,0.845,0.838,0.845,187985700,158189148,False
2023-09-07,,0.842,0.843,0.833,0.834,316276400,264952407,False
2023-09-08,,0.831,0.836,0.831,0.834,174959300,145718753,False
2023-09-11,,0.835,0.842,0.833,0.839,215566329,180673957,False
2023-09-12,,0.838,0.841,0.837,0.839,107890500,90464765,False
2023-09-13,,0.838,0.84,0.831,0.835,187707700,156667201,False
2023-09-14,,0.834,0.838,0.833,0.837,200772087,167735122,False
2023-09-15,,0.838,0.841,0.831,0.834,279529490,233838169,False
2023-09-18,,0.831,0.838,0.83,0.838,222669701,185948717,False
2023-09-19,,0.837,0.84,0.834,0.838,167372201,140103860,False
2023-09-20,,0.837,0.838,0.834,0.836,162025800,135484658,False
2023-09-21,,0.834,0.836,0.829,0.83,226083600,188068140,False
2023-09-22,,0.829,0.842,0.827,0.842,328679098,274576903,False
2023-09-25,,0.84,0.841,0.836,0.837,159575198,133788183,False
2023-09-26,,0.836,0.839,0.833,0.834,187278941,156505442,False
2023-09-27,,0.834,0.84,0.833,0.838,236681000,198089880,False
2023-09-28,,0.837,0.84,0.835,0.836,217251100,181780864,False
2023-10-09,,0.835,0.835,0.825,0.832,333778200,276919329,False
2023-10-10,,0.833,0.834,0.824,0.825,311473500,258035490,False
2023-10-11,,0.827,0.829,0.823,0.826,209693840,173289016,False
2023-10-12,,0.83,0.833,0.828,0.832,291912775,242438983,False
2023-10-13,,0.828,0.83,0.826,0.828,237436315,196585435,False
2023-10-16,,0.828,0.829,0.822,0.824,223173200,184050399,False
2023-10-17,,0.825,0.827,0.822,0.827,187854900,154917710,False
2023-10-18,,0.825,0.826,0.82,0.821,252553700,207698307,False
2023-10-19,,0.818,0.819,0.804,0.805,654374100,530261260,False
2023-10-20,,0.801,0.805,0.795,0.798,622863816,498169038,False
2023-10-23,,0.795,0.796,0.783,0.788,584384600,461756685,False
2023-10-24,,0.789,0.793,0.784,0.793,414880796,327684459,False
2023-10-25,,0.798,0.802,0.796,0.797,438279116,350287653,False
2023-10-26,,0.793,0.801,0.792,0.801,344955100,274319339,False
2023-10-27,,0.798,0.813,0.796,0.807,490050800,393618770,False
2023-10-30,,0.804,0.81,0.803,0.808,296214341,238911797,False
2023-10-31,,0.807,0.807,0.8,0.804,358655500,287873249,False
2023-11-01,,0.809,0.81,0.803,0.805,207828929,167549095,False
2023-11-02,,0.806,0.81,0.802,0.803,213141192,171773266,False
2023-11-03,,0.804,0.811,0.803,0.808,273824802,221183248,False
2023-11-06,,0.812,0.816,0.81,0.816,320693849,260828655,False
2023-11-07,,0.814,0.817,0.811,0.815,172934967,140736857,False
2023-11-08,,0.814,0.816,0.81,0.814,356085100,289265149,False
2023-11-09,,0.813,0.816,0.811,0.813,195980700,159372819,False
2023-11-10,,0.81,0.811,0.807,0.81,154993400,125396627,False
2023-11-13,,0.812,0.812,0.808,0.811,126482100,102446678,False
2023-11-14,,0.812,0.817,0.811,0.816,324182600,264080195,False
2023-11-15,,0.821,0.823,0.817,0.82,236206400,193741663,False
2023-11-16,,0.818,0.819,0.814,0.814,154515700,126073482,False
2023-11-17,,0.811,0.815,0.809,0.815,168622100,136881494,False
2023-11-20,,0.815,0.821,0.812,0.819,339716600,277701272,False
2023-11-21,,0.821,0.826,0.817,0.82,788606000,648404746,False
2023-11-22,,0.817,0.82,0.811,0.813,367524200,300036736,False
2023-11-23,,0.812,0.818,0.811,0.818,395173000,322141576,False
2023-11-24,,0.817,0.817,0.81,0.811,257963800,209554440,False
2023-11-27,,0.81,0.811,0.805,0.809,206403300,166617575,False
2023-11-28,,0.808,0.81,0.806,0.809,131375700,106192710,False
2023-11-29,,0.81,0.81,0.804,0.805,124944900,100784715,False
2023-11-30,,0.805,0.807,0.802,0.807,151832400,122217896,False
2023-12-01,,0.805,0.808,0.801,0.807,309064500,248769560,False
2023-12-04,,0.807,0.809,0.803,0.804,166317100,134009457,False
2023-12-05,,0.803,0.803,0.79,0.791,395700001,315251174,False
2023-12-06,,0.789,0.793,0.787,0.79,247650600,195504354,False
2023-12-07,,0.788,0.79,0.782,0.788,330090400,259230489,False
2023-12-08,,0.787,0.791,0.785,0.789,191148100,150809788,False
2023-12-11,,0.785,0.796,0.778,0.794,362791000,284945634,False
2023-12-12,,0.791,0.798,0.791,0.797,218068900,173259428,False
2023-12-13,,0.796,0.796,0.788,0.789,208242000,164936011,False
2023-12-14,,0.792,0.793,0.785,0.786,187511900,147953575,False
2023-12-15,,0.788,0.791,0.781,0.783,304129000,238794342,False
2023-12-18,,0.78,0.784,0.776,0.78,238824400,186361129,False
2023-12-19,,0.778,0.781,0.774,0.779,286169400,222503583,False
2023-12-20,,0.717,0.718,0.709,0.71,374236100,266938580,False
2023-12-21,,0.707,0.714,0.705,0.714,534876500,379613424,False
2023-12-22,,0.712,0.717,0.71,0.713,519784457,370383412,False
2023-12-25,,0.712,0.715,0.71,0.715,225309700,160554735,False
2023-12-26,,0.714,0.715,0.708,0.711,312374800,221863733,False
2023-12-27,,0.71,0.715,0.707,0.714,353027925,251134634,False
2023-12-28,,0.713,0.725,0.712,0.724,516445225,371833547,False
2023-12-29,,0.723,0.73,0.722,0.729,314699368,228722130,False
2024-01-02,,0.728,0.729,0.725,0.726,245193700,178326786,False
2024-01-03,,0.724,0.729,0.724,0.728,211636275,153689751,False
2024-01-04,,0.727,0.728,0.72,0.724,252090575,182234224,False
2024-01-05,,0.722,0.729,0.716,0.72,321829200,232703546,False
2024-01-08,,0.719,0.72,0.709,0.71,445277600,317278409,False
2024-01-09,,0.71,0.713,0.707,0.712,317756000,225626312,False
2024-01-10,,0.709,0.713,0.705,0.707,357088500,252902075,False
2024-01-11,,0.706,0.711,0.704,0.709,354863460,251034344,False
2024-01-12,,0.707,0.712,0.706,0.708,275137800,195016186,False
2024-01-15,,0.705,0.712,0.704,0.709,231101800,163526579,False
2024-01-16,,0.707,0.71,0.701,0.709,401368897,283138542,False
2024-01-17,,0.706,0.707,0.694,0.695,473887700,332119111,False
2024-01-18,,0.691,0.698,0.676,0.697,823096836,563855496,False
2024-01-19,,0.693,0.697,0.691,0.693,527673600,366384831,False
2024-01-22,,0.692,0.693,0.671,0.675,707433700,483515713,False
2024-01-23,,0.674,0.683,0.668,0.679,583669680,394837403,False
2024-01-24,,0.68,0.692,0.672,0.69,709518273,483381353,False
2024-01-25,,0.689,0.712,0.689,0.711,875101667,613612015,False
2024-01-26,,0.708,0.716,0.707,0.713,622506138,442794802,False
2024-01-29,,0.714,0.716,0.707,0.707,472754039,336304205,False
2024-01-30,,0.705,0.707,0.694,0.695,589291039,412925695,False
2024-01-31,,0.692,0.696,0.684,0.688,557672285,384248739,False
2024-02-01,,0.684,0.689,0.677,0.682,700443139,478329275,False
2024-02-02,,0.682,0.686,0.656,0.674,1363375000,916709095,False
2024-02-05,,0.667,0.675,0.65,0.666,1197515700,794163161,False
2024-02-06,,0.66,0.69,0.659,0.689,927073371,626415636,False
2024-02-07,,0.687,0.7,0.683,0.699,732766541,506381404,False
2024-02-08,,0.7,0.705,0.698,0.704,740035082,519519923,False
2024-02-19,,0.708,0.716,0.704,0.715,647044505,459741637,False
2024-02-20,,0.713,0.719,0.71,0.718,421093884,301072581,False
2024-02-21,,0.715,0.736,0.713,0.727,720730463,524526525,False
2024-02-22,,0.725,0.737,0.725,0.737,403892391,295381590,False
2024-02-23,,0.737,0.743,0.735,0.741,395382600,292208434,False
2024-02-26,,0.74,0.741,0.731,0.732,417220900,306963012,False
2024-02-27,,0.729,0.743,0.728,0.743,567745715,417473326,False
2024-02-28,,0.742,0.744,0.727,0.729,531155400,391680260,False
2024-02-29,,0.726,0.74,0.725,0.739,466492010,341679812,False
2024-03-01,,0.738,0.744,0.736,0.741,491170729,363346369,False
2024-03-04,,0.74,0.744,0.736,0.743,321166810,237976697,False
2024-03-05,,0.741,0.748,0.739,0.747,290782010,216556208,False
2024-03-06,,0.746,0.75,0.744,0.745,227254128,169607878,False
2024-03-07,,0.745,0.751,0.741,0.742,337891387,251911498,False
2024-03-08,,0.742,0.746,0.738,0.746,225250610,167180999,False
2024-03-11,,0.745,0.751,0.742,0.751,241653469,180231705,False
2024-03-12,,0.751,0.752,0.745,0.748,289340987,216372666,False
2024-03-13,,0.747,0.75,0.742,0.746,379182500,282683311,False
2024-03-14,,0.744,0.751,0.741,0.745,276572182,206493043,False
2024-03-15,,0.744,0.75,0.741,0.748,270042300,201076023,False
2024-03-18,,0.748,0.756,0.747,0.756,270828480,203438926,False
2024-03-19,,0.755,0.756,0.75,0.75,193275402,145518969,False
2024-03-20,,0.75,0.753,0.747,0.752,159475380,119714660,False
2024-03-21,,0.753,0.755,0.75,0.752,179275600,134919065,False
2024-03-22,,0.751,0.751,0.739,0.744,363268500,270333356,False
2024-03-25,,0.741,0.748,0.739,0.74,281409100,209202097,False
2024-03-26,,0.74,0.742,0.735,0.741,240465500,177529871,False
2024-03-27,,0.739,0.741,0.732,0.733,318767000,234879377,False
2024-03-28,,0.732,0.74,0.729,0.735,385180601,282782029,False
2024-03-29,,0.735,0.743,0.734,0.743,365372000,270036700,False
2024-04-01,,0.745,0.752,0.744,0.752,414270269,310493999,False
2024-04-02,,0.751,0.755,0.75,0.752,260353969,195870651,False
2024-04-03,,0.752,0.753,0.748,0.752,167733149,125884805,False
2024-04-08,,0.749,0.753,0.745,0.746,204250149,152787991,False
2024-04-09,,0.745,0.747,0.741,0.746,160795500,119627130,False
2024-04-10,,0.746,0.747,0.739,0.743,232758500,172871869,False
2024-04-11,,0.739,0.746,0.738,0.743,208065400,154447030,False
2024-04-12,,0.743,0.744,0.737,0.738,186370800,138024767,False
2024-04-15,,0.738,0.75,0.732,0.747,405691300,301341152,False
2024-04-16,,0.744,0.745,0.734,0.736,457745300,338131218,False
2024-04-17,,0.734,0.749,0.732,0.749,495512200,367125078,False
2024-04-18,,0.746,0.756,0.745,0.749,388054734,291226915,False
2024-04-19,,0.747,0.75,0.744,0.747,217964800,162771950,False
2024-04-22,,0.745,0.75,0.741,0.742,288073000,214518562,False
2024-04-23,,0.742,0.742,0.736,0.737,369086700,272428029,False
2024-04-24,,0.738,0.742,0.736,0.742,288542500,213369132,False
2024-04-25,,0.74,0.746,0.739,0.744,216978100,161148273,False
2024-04-26,,0.745,0.754,0.744,0.753,393901041,295459529,False
2024-04-29,,0.753,0.76,0.75,0.759,370243301,280014026,False
2024-04-30,,0.758,0.762,0.757,0.758,240211201,182358911,False
2024-05-06,,0.764,0.766,0.761,0.765,423834901,323793619,False
2024-05-07,,0.763,0.767,0.762,0.766,261525301,199908265,False
2024-05-08,,0.764,0.766,0.761,0.762,168701200,128796901,False
2024-05-09,,0.762,0.768,0.761,0.768,248968900,190654221,False
2024-05-10,,0.767,0.771,0.763,0.769,228796300,175498154,False
2024-05-13,,0.766,0.768,0.76,0.765,235969700,180224233,False
2024-05-14,,0.764,0.768,0.762,0.765,196672900,150420432,False
2024-05-15,,0.766,0.766,0.758,0.76,292621400,222748326,False
2024-05-16,,0.761,0.763,0.757,0.759,468357000,356042346,False
2024-05-17,,0.759,0.767,0.757,0.766,289587297,220359337,False
2024-05-20,,0.766,0.772,0.766,0.772,277562198,213671331,False
2024-05-21,,0.77,0.77,0.765,0.767,217593288,166942379,False
2024-05-22,,0.766,0.769,0.766,0.768,133451300,102463525,False
2024-05-23,,0.766,0.767,0.756,0.758,400409700,304396675,False
2024-05-24,,0.756,0.76,0.751,0.752,313492300,236720412,False
2024-05-27,,0.752,0.759,0.751,0.759,313259100,236408490,False
2024-05-28,,0.758,0.761,0.754,0.756,210155900,159247981,False
2024-05-29,,0.755,0.76,0.753,0.755,205275100,155285323,False
2024-05-30,,0.753,0.758,0.748,0.751,637138900,478220267,False
2024-05-31,,0.752,0.755,0.75,0.752,187171000,140837832,False
2024-06-03,,0.75,0.752,0.743,0.748,398995300,298235926,False
2024-06-04,,0.746,0.752,0.744,0.751,335230700,250623639,False
2024-06-05,,0.75,0.751,0.745,0.746,326045000,243849883,False
2024-06-06,,0.747,0.749,0.741,0.743,457639700,340856648,False
2024-06-07,,0.744,0.747,0.739,0.744,359884300,267379857,False
2024-06-11,,0.742,0.742,0.734,0.739,703544800,518588262,False
2024-06-12,,0.737,0.742,0.736,0.741,412255900,304829706,False
2024-06-13,,0.741,0.742,0.737,0.739,317156600,234450622,False
2024-06-14,,0.737,0.741,0.735,0.74,341022800,251558246,False
2024-06-17,,0.737,0.738,0.735,0.736,594674100,438041118,False
2024-06-18,,0.736,0.739,0.735,0.738,340720200,251244882,False
2024-06-19,,0.738,0.74,0.736,0.737,270111000,199323616,False
2024-06-20,,0.736,0.739,0.733,0.734,453092600,333237833,False
2024-06-21,,0.733,0.735,0.729,0.732,675037300,494468928,False
2024-06-24,,0.73,0.73,0.723,0.724,758304800,550748973,False
2024-06-25,,0.724,0.726,0.717,0.721,549741900,396825003,False
2024-06-26,,0.719,0.728,0.718,0.728,547202800,395412441,False
2024-06-27,,0.725,0.726,0.721,0.723,360380200,260649726,False
2024-06-28,,0.721,0.733,0.72,0.729,651065000,473968931,False
2024-07-01,,0.727,0.734,0.726,0.734,343471100,250842892,False
2024-07-02,,0.732,0.736,0.731,0.734,454725200,333939654,False
2024-07-03,,0.732,0.734,0.73,0.731,272803500,199561746,False
2024-07-04,,0.731,0.734,0.725,0.726,459583400,334648696,False
2024-07-05,,0.725,0.726,0.716,0.723,725468300,522577440,False
2024-07-08,,0.721,0.723,0.716,0.718,461710300,332086924,False
2024-07-09,,0.717,0.729,0.714,0.728,713620900,515042953,False
2024-07-10,,0.726,0.728,0.722,0.724,408166700,296018455,False
2024-07-11,,0.728,0.733,0.726,0.733,519088900,378734312,False
2024-07-12,,0.731,0.734,0.731,0.732,349617900,256041835,False
2024-07-15,,0.73,0.734,0.73,0.733,289223900,211825617,False
2024-07-16,,0.732,0.736,0.731,0.736,342001400,250807258,False
2024-07-17,,0.736,0.736,0.732,0.734,291536900,213918706,False
2024-07-18,,0.732,0.736,0.727,0.736,455312099,332942172,False
2024-07-19,,0.733,0.738,0.731,0.738,435739800,320256791,False
2024-07-22,,0.737,0.737,0.729,0.732,534825000,391417627,False
2024-07-23,,0.731,0.732,0.721,0.721,518612900,376718976,False
2024-07-24,,0.72,0.723,0.715,0.718,515869891,370767060,False
2024-07-25,,0.716,0.717,0.71,0.714,846337598,603791853,False
2024-07-26,,0.713,0.717,0.711,0.715,432949700,308999673,False
2024-07-29,,0.714,0.716,0.712,0.714,270513600,193233784,False
2024-07-30,,0.713,0.713,0.708,0.71,494927103,351225780,False
2024-07-31,,0.71,0.726,0.709,0.725,1085796621,781124660,False
2024-08-01,,0.724,0.727,0.722,0.723,343103900,248608843,False
2024-08-02,,0.72,0.723,0.717,0.718,371823102,267433400,False
2024-08-05,,0.715,0.72,0.706,0.707,814508600,579761682,False
2024-08-06,,0.71,0.712,0.7,0.706,840854900,593183212,False
2024-08-07,,0.706,0.712,0.704,0.708,523292200,370826493,False
2024-08-08,,0.707,0.712,0.703,0.709,471143600,333202909,False
2024-08-09,,0.71,0.712,0.706,0.706,431631000,305850644,False
2024-08-12,,0.705,0.707,0.702,0.704,366231600,257870003,False
2024-08-13,,0.704,0.706,0.701,0.706,385897000,271510316,False
2024-08-14,,0.706,0.706,0.703,0.703,229051600,161315915,False
2024-08-15,,0.702,0.712,0.701,0.71,488678700,345892600,False
2024-08-16,,0.709,0.712,0.708,0.71,229600400,162995283,False
2024-08-19,,0.71,0.715,0.709,0.713,348555400,248509029,False
2024-08-20,,0.713,0.713,0.704,0.707,439371200,310759619,False
2024-08-21,,0.704,0.705,0.702,0.704,296093500,208291753,False
2024-08-22,,0.704,0.705,0.701,0.702,257238400,180810895,False
2024-08-23,,0.701,0.705,0.7,0.703,270589900,190027817,False
2024-08-26,,0.703,0.704,0.7,0.703,272242400,191049369,False
2024-08-27,,0.702,0.703,0.7,0.701,353498800,247741015,False
2024-08-28,,0.7,0.702,0.696,0.697,458939700,320412577,False
2024-08-29,,0.696,0.696,0.692,0.695,420447300,291901634,False
2024-08-30,,0.693,0.703,0.692,0.699,742075900,518197829,False
2024-09-02,,0.696,0.697,0.69,0.69,543977300,377331701,False
2024-09-03,,0.69,0.691,0.686,0.688,412020600,283626443,False
2024-09-04,,0.686,0.688,0.684,0.685,390096200,267376483,False
2024-09-05,,0.686,0.688,0.683,0.686,423310200,290124006,False
2024-09-06,,0.687,0.69,0.68,0.681,553051600,378724920,False
2024-09-09,,0.679,0.68,0.67,0.673,736293700,496583277,False
2024-09-10,,0.673,0.676,0.669,0.675,467657900,314464703,False
2024-09-11,,0.673,0.674,0.666,0.669,923637700,618349970,False
2024-09-12,,0.669,0.671,0.667,0.667,549176600,367349239,False
2024-09-13,,0.667,0.67,0.663,0.664,505266900,336765240,False
2024-09-18,,0.664,0.668,0.66,0.667,522053700,346868001,False
2024-09-19,,0.668,0.674,0.662,0.672,697918101,466897181,False
2024-09-20,,0.669,0.673,0.667,0.672,468099600,313491879,False
2024-09-23,,0.671,0.678,0.67,0.675,943554801,637200075,False
2024-09-24,,0.679,0.704,0.678,0.703,1472130700,1017422670,False
2024-09-25,,0.71,0.725,0.708,0.71,1409510600,1009902902,False
2024-09-26,,0.708,0.738,0.708,0.737,1734890798,1251120067,False
2024-09-27,,0.746,0.766,0.738,0.762,1198870198,899821965,False
2024-09-30,,0.786,0.838,0.77,0.838,2149006260,1716994028,False
2024-10-08,,0.922,0.922,0.838,0.9,4325355298,3799243695,False
2024-10-09,,0.863,0.863,0.81,0.81,3381916500,2786464755,False
2024-10-10,,0.803,0.828,0.791,0.81,2292897157,1859652229,False
2024-10-11,,0.804,0.81,0.781,0.789,1760105188,1398042484,False
2024-10-14,,0.792,0.806,0.785,0.803,1837291373,1464763976,False
2024-10-15,,0.798,0.804,0.784,0.786,1185038889,941042271,False
2024-10-16,,0.78,0.792,0.774,0.784,1334364867,1042337398,False
2024-10-17,,0.787,0.793,0.776,0.776,924100318,724522775,False
2024-10-18,,0.776,0.812,0.771,0.799,1620809078,1279205869,False
2024-10-21,,0.798,0.804,0.791,0.798,1079430300,860803663,False
2024-10-22,,0.796,0.805,0.795,0.804,812551800,650698966,False
2024-10-23,,0.803,0.814,0.801,0.808,751184900,606426427,False
2024-10-24,,0.805,0.805,0.799,0.802,510938700,409694983,False
2024-10-25,,0.801,0.809,0.8,0.806,546529600,439858376,False
2024-10-28,,0.805,0.811,0.8,0.81,658930000,530954941,False
2024-10-29,,0.811,0.815,0.801,0.803,928376100,749447297,False
2024-10-30,,0.801,0.803,0.791,0.796,673457000,536214304,False
2024-10-31,,0.795,0.801,0.791,0.797,502370500,399777150,False
2024-11-01,,0.794,0.805,0.794,0.798,673360810,538374686,False
2024-11-04,,0.798,0.806,0.795,0.805,365475110,292615671,False
2024-11-05,,0.806,0.826,0.803,0.826,1076978100,880524934,False
2024-11-06,,0.825,0.832,0.819,0.823,741954900,612007750,False
2024-11-07,,0.818,0.847,0.817,0.845,792149600,658637960,False
2024-11-08,,0.846,0.852,0.833,0.837,1207930741,1015158441,False
2024-11-11,,0.834,0.842,0.827,0.841,623388941,519867640,False
2024-11-12,,0.84,0.847,0.824,0.831,723072500,604040598,False
2024-11-13,,0.827,0.836,0.825,0.835,410630005,341230131,False
2024-11-14,,0.833,0.835,0.819,0.821,530880803,439538136,False
2024-11-15,,0.819,0.825,0.811,0.813,562436003,460343277,False
2024-11-18,,0.813,0.824,0.806,0.81,581068800,473245997,False
2024-11-19,,0.81,0.816,0.8,0.815,560277508,452762568,False
2024-11-20,,0.812,0.822,0.81,0.82,492025408,401596534,False
2024-11-21,,0.818,0.822,0.815,0.82,276604900,226500215,False
2024-11-22,,0.818,0.82,0.794,0.796,705228199,568201941,False
2024-11-25,,0.795,0.799,0.786,0.794,440708199,349591673,False
2024-11-26,,0.791,0.798,0.79,0.792,401834607,319011706,False
2024-11-27,,0.791,0.806,0.785,0.806,464017500,368852618,False
2024-11-28,,0.803,0.807,0.8,0.801,327955700,263492303,False
2024-11-29,,0.801,0.815,0.8,0.809,489408700,395598654,False
2024-12-02,,0.809,0.817,0.806,0.816,370623100,301394899,False
2024-12-03,,0.815,0.822,0.812,0.821,399907105,326718492,False
2024-12-04,,0.82,0.822,0.814,0.818,373204200,305338125,False
2024-12-05,,0.815,0.819,0.814,0.818,233610500,190771023,False
2024-12-06,,0.817,0.829,0.816,0.826,425625200,350495636,False
2024-12-09,,0.825,0.831,0.821,0.825,319674538,263867301,False
2024-12-10,,0.843,0.847,0.829,0.83,696817703,583111098,False
2024-12-11,,0.827,0.834,0.827,0.833,305994900,254401096,False
2024-12-12,,0.832,0.84,0.831,0.84,357223400,298770873,False
2024-12-13,,0.836,0.837,0.823,0.824,518995400,430157373,False
2024-12-16,,0.824,0.826,0.818,0.822,406465615,333899377,False
2024-12-17,,0.821,0.825,0.816,0.817,388910400,318717340,False
2024-12-18,,0.818,0.824,0.817,0.821,312649217,256639890,False
2024-12-19,,0.816,0.819,0.812,0.818,296093999,241482654,False
2024-12-20,,0.817,0.821,0.815,0.817,279715700,228765442,False
2024-12-23,,0.816,0.82,0.812,0.813,353857800,288803590,False
2024-12-24,,0.813,0.825,0.813,0.825,427264100,349990322,False
2024-12-25,,0.824,0.826,0.819,0.824,282526200,232374568,False
2024-12-26,,0.823,0.825,0.821,0.825,206150910,169717926,False
2024-12-27,,0.824,0.829,0.822,0.826,332993200,274807555,False
2024-12-30,,0.825,0.829,0.824,0.829,261942310,216652256,False
2024-12-31,,0.829,0.83,0.816,0.817,391658600,321936500,False
2025-01-02,,0.815,0.817,0.788,0.794,847695400,678756420,False
2025-01-03,,0.794,0.796,0.781,0.783,641654900,505827257,False
2025-01-06,,0.782,0.784,0.776,0.781,530131700,413204545,False
2025-01-07,,0.78,0.786,0.777,0.786,490211600,382948065,False
2025-01-08,,0.783,0.789,0.773,0.786,646413000,505731170,False
2025-01-09,,0.784,0.786,0.78,0.783,303942800,238171108,False
2025-01-10,,0.781,0.783,0.773,0.774,414200700,322135712,False
2025-01-13,,0.77,0.773,0.765,0.77,387230700,297733520,False
2025-01-14,,0.771,0.789,0.77,0.789,651447100,508573964,False
2025-01-15,,0.787,0.79,0.784,0.785,272788100,214471036,False
2025-01-16,,0.786,0.794,0.783,0.787,332944100,262666846,False
2025-01-17,,0.785,0.792,0.784,0.79,314272700,247728330,False
2025-01-20,,0.791,0.795,0.788,0.79,315350700,249667083,False
2025-01-21,,0.791,0.792,0.785,0.788,271313300,213729323,False
2025-01-22,,0.787,0.787,0.778,0.781,379422500,296435568,False
2025-01-23,,0.785,0.796,0.785,0.787,590133199,466562432,False
2025-01-24,,0.786,0.793,0.784,0.792,305485099,241208982,False
2025-01-27,,0.794,0.797,0.792,0.794,394429700,313568325,False
2025-02-05,,0.797,0.797,0.784,0.786,460395300,362765858,False
2025-02-06,,0.784,0.795,0.784,0.795,445643000,351912259,False
2025-02-07,,0.793,0.808,0.792,0.804,639953700,512272389,False
2025-02-10,,0.804,0.807,0.801,0.806,328773200,264616878,False
2025-02-11,,0.807,0.807,0.802,0.804,268129200,215645913,False
2025-02-12,,0.804,0.814,0.802,0.814,357712899,288899990,False
2025-02-13,,0.812,0.816,0.809,0.81,286527800,232659914,False
2025-02-14,,0.809,0.814,0.807,0.812,272385500,220787036,False
2025-02-17,,0.813,0.814,0.808,0.814,362362800,293976345,False
2025-02-18,,0.812,0.816,0.804,0.807,407443900,330345199,False
2025-02-19,,0.805,0.813,0.805,0.812,273247192,221304134,False
2025-02-20,,0.811,0.814,0.809,0.813,277536400,225099916,False
2025-02-21,,0.812,0.818,0.808,0.817,448945500,365729225,False
2025-02-24,,0.816,0.819,0.812,0.816,515733300,420896594,False
2025-02-25,,0.811,0.815,0.808,0.809,320034000,259690402,False
2025-02-26,,0.809,0.818,0.809,0.818,319682300,260315843,False
2025-02-27,,0.818,0.82,0.813,0.82,284705600,232541151,False
2025-02-28,,0.817,0.819,0.803,0.805,397448100,321954504,False
2025-03-03,,0.804,0.812,0.802,0.806,341504200,275766948,False
2025-03-04,,0.803,0.807,0.801,0.806,170073600,136800501,False
2025-03-05,,0.806,0.811,0.803,0.811,277207100,223973687,False
2025-03-06,,0.812,0.819,0.811,0.818,684469830,557550845,False
2025-03-07,,0.816,0.822,0.815,0.818,311404800,254755322,False
2025-03-10,,0.817,0.819,0.811,0.815,158332400,128949130,False
2025-03-11,,0.811,0.82,0.809,0.819,219790000,178906409,False
2025-03-12,,0.819,0.822,0.816,0.818,165311700,135347014,False
2025-03-13,,0.817,0.819,0.81,0.815,249266800,202890603,False
2025-03-14,,0.815,0.83,0.814,0.83,521349210,429529063,False
2025-03-17,,0.832,0.834,0.83,0.831,201503000,167582785,False
2025-03-18,,0.833,0.834,0.83,0.833,173677200,144538894,False
2025-03-19,,0.832,0.834,0.828,0.832,154647500,128465409,False
2025-03-20,,0.831,0.832,0.827,0.828,161846600,134239986,False
2025-03-21,,0.827,0.831,0.817,0.82,302498400,248903627,False
2025-03-24,,0.818,0.822,0.813,0.822,299418500,244791777,False
2025-03-25,,0.819,0.825,0.819,0.823,210268500,172924881,False
2025-03-26,,0.822,0.826,0.821,0.822,261020900,214974944,False
2025-03-27,,0.821,0.829,0.817,0.825,213507200,175771445,False
2025-03-28,,0.824,0.825,0.817,0.819,196121500,160853262,False
2025-03-31,,0.818,0.822,0.811,0.815,251876000,205334665,False
2025-04-01,,0.815,0.821,0.814,0.819,217805000,178211662,False
2025-04-02,,0.818,0.822,0.817,0.82,174031900,142660615,False
2025-04-03,,0.815,0.82,0.812,0.815,264659300,215864466,False
2025-04-07,,0.796,0.8,0.742,0.755,1517850709,1159597639,False
2025-04-08,,0.755,0.765,0.751,0.765,686788400,520747050,False
2025-04-09,,0.758,0.775,0.746,0.772,905334100,689285742,False
2025-04-10,,0.78,0.787,0.776,0.78,735685100,575333650,False
2025-04-11,,0.777,0.788,0.777,0.784,520164009,406931835,False
2025-04-14,,0.787,0.794,0.786,0.791,297808809,235344757,False
2025-04-15,,0.791,0.793,0.788,0.792,196538209,155333973,False
2025-04-16,,0.791,0.794,0.784,0.793,243537200,192084796,False
2025-04-17,,0.79,0.797,0.789,0.794,400526800,318040707,False
2025-04-18,,0.794,0.798,0.792,0.797,213072100,169330872,False
2025-04-21,,0.795,0.802,0.794,0.801,218022200,174300458,False
2025-04-22,,0.8,0.807,0.799,0.805,247213600,198807526,False
2025-04-23,,0.805,0.807,0.801,0.803,169144600,135915529,False
2025-04-24,,0.803,0.807,0.8,0.804,207019900,166385406,False
2025-04-25,,0.803,0.806,0.802,0.804,130814300,105141618,False
2025-04-28,,0.802,0.804,0.799,0.802,105072600,84189627,False
2025-04-29,,0.801,0.804,0.799,0.801,115086500,92292084,False
2025-04-30,,0.802,0.803,0.8,0.801,100301600,80370200,False
2025-05-06,,0.803,0.81,0.802,0.81,225694102,182063047,False
2025-05-07,,0.816,0.82,0.812,0.817,249609500,203458044,False
2025-05-08,,0.815,0.819,0.812,0.817,147631300,120599261,False
2025-05-09,,0.817,0.818,0.813,0.815,116503800,95045548,False
2025-05-12,,0.818,0.825,0.817,0.824,200982900,165100368,False
2025-05-13,,0.827,0.829,0.822,0.824,198012500,163295526,False
2025-05-14,,0.824,0.835,0.823,0.832,352169900,291815944,False
2025-05-15,,0.831,0.834,0.827,0.829,176968400,146842164,False
2025-05-16,,0.827,0.828,0.822,0.826,167796100,138400787,False
2025-05-19,,0.825,0.829,0.824,0.828,164699700,136079047,False
2025-05-20,,0.827,0.833,0.827,0.831,197193300,163784870,False
2025-05-21,,0.832,0.837,0.831,0.835,264074100,220469086,False
2025-05-22,,0.835,0.838,0.834,0.835,162139900,135569817,False
2025-05-23,,0.835,0.837,0.828,0.829,182505100,152037211,False
2025-05-26,,0.827,0.831,0.824,0.827,160094300,132308789,False
2025-05-27,,0.826,0.827,0.822,0.824,146076700,120493147,False
2025-05-28,,0.824,0.827,0.824,0.824,121564800,100324181,False
2025-05-29,,0.825,0.836,0.824,0.835,217420900,180372050,False
2025-05-30,,0.831,0.832,0.828,0.831,144636800,120075545,False
2025-06-03,,0.828,0.835,0.828,0.834,120255900,100099292,False
2025-06-04,,0.834,0.839,0.833,0.838,139559000,116755682,False
2025-06-05,,0.839,0.84,0.836,0.84,161618300,135387415,False
2025-06-06,,0.84,0.842,0.838,0.841,153977000,129302537,False
2025-06-09,,0.841,0.844,0.839,0.844,175218500,147520788,False
2025-06-10,,0.843,0.847,0.836,0.841,225335509,189891347,False
2025-06-11,,0.84,0.848,0.84,0.846,312026479,263561263,False
2025-06-12,,0.844,0.848,0.842,0.848,118706470,100368247,False
2025-06-13,,0.846,0.847,0.84,0.842,146109500,123105551,False
2025-06-16,,0.841,0.846,0.84,0.845,116248600,98076732,False
2025-06-17,,0.845,0.847,0.842,0.844,88608610,74829059,False
2025-06-18,,0.844,0.846,0.84,0.846,118053100,99572411,False
2025-06-19,,0.845,0.845,0.836,0.839,197050200,165461066,False
2025-06-20,,0.838,0.842,0.837,0.839,116901700,98154114,False
2025-06-23,,0.837,0.847,0.835,0.845,179319200,150919628,False
2025-06-24,,0.844,0.855,0.844,0.854,219528500,186759977,False
2025-06-25,,0.854,0.867,0.853,0.867,221342610,190040671,False
2025-06-26,,0.864,0.865,0.86,0.862,160606410,138528863,False
2025-06-27,,0.862,0.866,0.855,0.858,269310900,231392370,False
2025-06-30,,0.857,0.86,0.853,0.86,189729800,162579584,False
2025-07-01,,0.859,0.864,0.858,0.863,181275803,156046819,False
2025-07-02,,0.863,0.866,0.862,0.864,135304600,116880544,False
2025-07-03,,0.864,0.867,0.862,0.867,128802700,111389940,False
2025-07-04,,0.866,0.876,0.865,0.87,223847500,194558609,False
2025-07-07,,0.869,0.872,0.868,0.872,100107300,87105718,False
2025-07-08,,0.872,0.878,0.871,0.877,236025600,206667929,False
2025-07-09,,0.876,0.879,0.874,0.876,169343600,148474918,False
2025-07-10,,0.875,0.884,0.874,0.88,252191800,221775192,False
2025-07-11,,0.88,0.892,0.879,0.881,403868100,357435495,False
2025-07-14,,0.879,0.887,0.879,0.884,192443400,170173846,False
2025-07-15,,0.884,0.887,0.875,0.88,303233900,266922501,False
2025-07-16,,0.881,0.882,0.877,0.881,241117500,211945575,False
2025-07-17,,0.88,0.885,0.879,0.884,154000100,135730484,False
2025-07-18,,0.885,0.89,0.884,0.889,206028000,182670296,False
2025-07-21,,0.89,0.9,0.89,0.899,330446600,295485454,False
2025-07-22,,0.899,0.904,0.893,0.903,373650400,335959750,False
2025-07-23,,0.903,0.909,0.9,0.902,260610402,235698816,False
2025-07-24,,0.901,0.908,0.899,0.907,313726405,283503532,False
2025-07-25,,0.905,0.907,0.901,0.902,217847500,196841863,False
2025-07-28,,0.902,0.905,0.899,0.904,191435892,172796604,False
2025-07-29,,0.903,0.907,0.9,0.907,220464400,199100377,False
2025-07-30,,0.906,0.913,0.902,0.907,276915400,251580845,False
2025-07-31,,0.905,0.906,0.894,0.897,436261000,392330610,False
2025-08-01,,0.896,0.9,0.892,0.896,258883500,231852432,False
2025-08-04,,0.894,0.901,0.892,0.901,193593400,173617718,False
2025-08-05,,0.901,0.91,0.9,0.91,293882395,266024315,False
2025-08-06,,0.909,0.914,0.908,0.913,237841700,216641727,False
2025-08-07,,0.913,0.917,0.91,0.915,204598562,186978836,False
2025-08-08,,0.913,0.918,0.911,0.916,176545000,161452732,False
2025-08-11,,0.915,0.92,0.913,0.918,261210100,239557746,False
2025-08-12,,0.918,0.922,0.916,0.921,196187200,180479313,False
2025-08-13,,0.921,0.928,0.921,0.927,295629075,273308729,False
2025-08-14,,0.927,0.931,0.92,0.922,326311700,302220004,False
2025-08-15,,0.92,0.932,0.919,0.931,341508500,316275946,False
2025-08-18,,0.931,0.941,0.929,0.937,340550525,318184978,False
2025-08-19,,0.937,0.94,0.931,0.933,283372000,265256355,False
2025-08-20,,0.931,0.945,0.928,0.945,300790598,281871956,False
2025-08-21,,0.945,0.949,0.942,0.945,374205300,353827968,False
2025-08-22,,0.945,0.96,0.943,0.959,456593520,433200754,False
2025-08-25,,0.96,0.973,0.959,0.973,613260930,591484982,False
2025-08-26,,0.97,0.975,0.966,0.97,474826400,460766670,False
2025-08-27,,0.97,0.973,0.951,0.952,921432207,886520495,False
2025-08-28,,0.951,0.964,0.939,0.964,788947320,750375239,False
2025-08-29,,0.96,0.968,0.958,0.966,571361300,550973162,False
2025-09-01,,0.966,0.971,0.964,0.971,388256995,375789072,False
2025-09-02,,0.97,0.973,0.959,0.969,529252061,511089492,False
2025-09-03,,0.969,0.97,0.95,0.955,497634600,477693389,False
2025-09-04,,0.955,0.956,0.94,0.949,917677779,869135112,False
2025-09-05,,0.946,0.96,0.942,0.958,616560505,586312069,False
2025-09-08,,0.957,0.965,0.956,0.963,402773461,386918401,False
2025-09-09,,0.962,0.964,0.954,0.958,313167061,300383439,False
2025-09-10,,0.957,0.962,0.953,0.958,252735661,242203663,False
2025-09-11,,0.955,0.973,0.952,0.971,481199073,463871192,False
2025-09-12,,0.971,0.974,0.966,0.968,442538855,429639142,False
2025-09-15,,0.968,0.969,0.963,0.964,229167900,221387381,False
2025-09-16,,0.965,0.967,0.957,0.964,242863100,233486325,False
2025-09-17,,0.963,0.966,0.958,0.964,241609356,232536405,False
2025-09-18,,0.964,0.967,0.945,0.951,453163000,434343376,False
2025-09-19,,0.95,0.956,0.948,0.953,292305800,278084356,False
2025-09-22,,0.951,0.953,0.947,0.952,235004900,223314027,False
2025-09-23,,0.951,0.954,0.938,0.951,433017800,409415432,False
2025-09-24,,0.947,0.957,0.945,0.956,337995050,321715244,False
2025-09-25,,0.956,0.959,0.954,0.956,245165600,234612667,False
2025-09-26,,0.954,0.958,0.952,0.952,191135300,182579565,False
2025-09-29,,0.952,0.965,0.947,0.963,256049300,244997470,False
2025-09-30,,0.962,0.967,0.961,0.967,394466400,380443156,False
2025-10-09,,0.968,0.983,0.966,0.982,471673300,460062234,False
2025-10-10,,0.979,0.981,0.969,0.973,402211950,392189652,False
2025-10-13,,0.943,0.971,0.943,0.968,417407600,398844178,False
2025-10-14,,0.969,0.976,0.959,0.963,427006619,413886510,False
2025-10-15,,0.96,0.976,0.96,0.975,399941481,386827810,False
2025-10-16,,0.972,0.981,0.971,0.977,277138150,270625687,False
2025-10-17,,0.976,0.977,0.955,0.958,553698050,533535130,False
2025-10-20,,0.962,0.965,0.959,0.962,303002350,291355843,False
2025-10-21,,0.963,0.975,0.963,0.974,400596450,388660468,False
2025-10-22,,0.971,0.975,0.97,0.974,254079150,247122648,False
2025-10-23,,0.972,0.979,0.965,0.977,293317900,284860646,False
2025-10-24,,0.978,0.984,0.977,0.983,281463200,276242382,False
2025-10-27,,0.988,0.999,0.987,0.999,387743800,385523310,False
2025-10-28,,0.998,1.0,0.992,0.995,330573600,329242459,False
2025-10-29,,0.995,1.003,0.994,1.002,343864499,343269437,False
2025-10-30,,1.0,1.003,0.993,0.995,331708810,331094315,False
2025-10-31,,0.994,0.996,0.987,0.989,497253010,492544446,False
2025-11-03,,0.989,0.993,0.983,0.993,337281100,333156015,False
2025-11-04,,0.991,0.993,0.981,0.986,396878900,391671647,False
2025-11-05,,0.978,0.992,0.978,0.989,391689000,385549803,False
2025-11-06,,0.988,0.999,0.988,0.998,480982496,478576022,False
2025-11-07,,0.994,1.002,0.994,0.998,308933432,308576690,False
2025-11-10,,0.998,1.003,0.996,1.003,244232490,244121497,False
2025-11-11,,1.003,1.005,0.994,0.998,291692325,291206747,False
2025-11-12,,0.996,1.002,0.992,0.997,319503300,318408732,False
2025-11-13,,0.995,1.006,0.995,1.005,357813326,358175025,False
2025-11-14,,1.0,1.006,0.995,0.996,399580200,399518651,False
2025-11-17,,0.993,0.994,0.986,0.988,557487962,551228495,False
2025-11-18,,0.986,0.987,0.976,0.981,1003342500,983974041,False
2025-11-19,,0.979,0.985,0.978,0.982,669407258,657102430,False
2025-11-20,,0.985,0.988,0.979,0.981,459384600,451829353,False
2025-11-21,,0.975,0.978,0.957,0.96,1745553053,1684260983,False
2025-11-24,,0.96,0.962,0.951,0.956,719704521,688187258,False
2025-11-25,,0.958,0.966,0.957,0.961,683942946,658057496,False
2025-11-26,,0.962,0.965,0.959,0.96,577877463,556065121,False
2025-11-27,,0.961,0.968,0.96,0.963,518372893,500316773,False
2025-11-28,,0.963,0.967,0.96,0.967,485839900,468428254,False
2025-12-01,,0.968,0.974,0.967,0.974,381338700,370098724,False
2025-12-02,,0.974,0.974,0.968,0.97,239351500,232291216,False
2025-12-03,,0.97,0.972,0.964,0.966,254070100,245788199,False
2025-12-04,,0.966,0.969,0.962,0.965,250547829,241889852,False
2025-12-05,,0.965,0.976,0.965,0.974,392710107,380994683,False
2025-12-08,,0.975,0.982,0.975,0.978,358474571,350758826,False
2025-12-09,,0.976,0.978,0.972,0.975,223533632,218012009,False
2025-12-10,,0.973,0.974,0.966,0.973,259742961,251874234,False
2025-12-11,,0.972,0.975,0.964,0.968,391431000,378820418,False
2025-12-12,,0.968,0.971,0.962,0.97,332075600,320962424,False
2025-12-15,,0.965,0.973,0.965,0.966,258800700,250706041,False
2025-12-16,,0.965,0.966,0.954,0.958,728785400,697815127,False
2025-12-17,,0.956,0.97,0.955,0.968,561601400,540704612,False
2025-12-18,,0.966,0.973,0.964,0.97,396528881,384299444,False
2025-12-19,,0.97,0.978,0.969,0.975,264784962,257977721,False
2025-12-22,,0.975,0.982,0.975,0.981,367719300,360431216,False
2025-12-23,,0.981,0.986,0.979,0.981,260167100,255505168,False
2025-12-24,,0.98,0.988,0.979,0.987,325010578,319898078,False
2025-12-25,,0.986,0.993,0.985,0.991,223892600,221556776,False
2025-12-26,,0.991,0.995,0.987,0.992,257994700,255869253,False
2025-12-29,,0.991,0.996,0.989,0.991,232602300,230788982,False
2025-12-30,,0.989,0.994,0.987,0.992,201185500,199243121,False
2025-12-31,,0.992,0.995,0.989,0.992,307448119,305239730,False
2026-01-05,,0.994,1.006,0.994,1.005,391704648,391833247,False
2026-01-06,,1.006,1.02,1.005,1.02,304768975,308897642,False
2026-01-07,,1.02,1.024,1.016,1.02,318733437,325057276,False
2026-01-08,,1.018,1.021,1.015,1.018,456470155,464438720,False
2026-01-09,,1.018,1.028,1.018,1.028,300657600,307714135,False
2026-01-12,,1.028,1.042,1.026,1.041,281960821,291024944,False
2026-01-13,,1.041,1.041,1.027,1.032,336502750,348175843,False
2026-01-14,,1.03,1.042,1.022,1.029,403123700,416515380,False
2026-01-15,,1.024,1.031,1.022,1.028,269884905,276923248,False
2026-01-16,,1.03,1.032,1.02,1.023,285687193,292894057,False
2026-01-19,,1.02,1.029,1.019,1.028,319759321,327927402,False
2026-01-20,,1.027,1.031,1.019,1.031,301493369,309149981,False
2026-01-21,,1.027,1.033,1.025,1.03,319355200,328898531,False
2026-01-22,,1.031,1.037,1.03,1.033,236353300,244064897,False
2026-01-23,,1.034,1.042,1.034,1.041,314809687,326697659,False
2026-01-26,,1.039,1.044,1.034,1.038,235941299,244948421,False
2026-01-27,,1.037,1.042,1.03,1.037,247595000,256621001,False
2026-01-28,,1.038,1.047,1.038,1.045,297443505,310248317,False
2026-01-29,,1.044,1.047,1.039,1.047,246812105,257350630,False
2026-01-30,,1.041,1.044,1.021,1.034,737677700,761508199,False
2026-02-02,,1.026,1.031,1.006,1.008,1201737685,1222242353,False
2026-02-03,,1.012,1.021,1.005,1.021,779944510,790253705,False
2026-02-04,,1.019,1.03,1.018,1.029,634987962,650234489,False
2026-02-05,,1.025,1.028,1.019,1.027,439014428,449545233,False
2026-02-06,,1.019,1.03,1.014,1.024,442607690,452862173,False
2026-02-09,,1.028,1.037,1.028,1.037,651887490,673745607,False
2026-02-10,,1.037,1.039,1.035,1.038,224980762,233319157,False
2026-02-11,,1.038,1.043,1.037,1.042,208895494,217412079,False
2026-02-12,,1.041,1.044,1.039,1.043,222670200,232071341,False
2026-02-13,,1.04,1.04,1.028,1.03,705915300,729539085,False
2026-02-24,,1.035,1.04,1.033,1.037,404253317,419136992,False
2026-02-25,,1.037,1.049,1.037,1.043,430165535,448981833,False
2026-02-26,,1.044,1.045,1.039,1.044,230214830,239861688,False
2026-02-27,,1.04,1.049,1.04,1.049,266896100,279086975,False
2026-03-02,,1.046,1.056,1.042,1.056,553765883,580799214,False
2026-03-03,,1.056,1.06,1.041,1.045,650142390,682124773,False
2026-03-04,,1.036,1.037,1.024,1.031,787234738,811186416,False
2026-03-05,,1.036,1.041,1.032,1.035,583910805,605086093,False
2026-03-06,,1.032,1.042,1.03,1.041,356648305,369920510,False
2026-03-09,,1.035,1.038,1.025,1.034,517346100,533547100,False
2026-03-10,,1.036,1.041,1.035,1.041,418309467,434500166,False
2026-03-11,,1.041,1.047,1.039,1.046,335093000,349396222,False
2026-03-12,,1.044,1.047,1.036,1.044,388160000,404494864,False
2026-03-13,,1.04,1.045,1.033,1.037,476505622,494932099,False
2026-03-16,,1.034,1.035,1.023,1.032,834744900,858094347,False
2026-03-17,,1.032,1.037,1.021,1.022,758208300,779464789,False
2026-03-18,,1.022,1.026,1.015,1.026,844076700,861374449,False
2026-03-19,,1.017,1.02,1.005,1.01,1546379800,1564838990,False
2026-03-20,,1.008,1.013,0.997,0.998,1277432500,1283476366,False
2026-03-23,,0.987,0.989,0.957,0.962,2706656635,2627776292,False
2026-03-24,,0.966,0.975,0.96,0.975,1375483592,1329898236,False
2026-03-25,,0.977,0.987,0.977,0.987,1438622239,1414870725,False
2026-03-26,,0.986,0.989,0.975,0.978,963712855,946001473,False
2026-03-27,,0.97,0.989,0.969,0.986,948484578,930655447,False
2026-03-30,,0.976,0.99,0.976,0.989,643731863,633047491,False
2026-03-31,,0.989,0.997,0.983,0.984,582399355,577162680,False
2026-04-01,,0.993,0.998,0.99,0.996,633770742,630188785,False
2026-04-02,,0.995,0.997,0.985,0.99,464349360,460350295,False
2026-04-03,,0.99,0.991,0.978,0.982,462323400,454532882,False
2026-04-07,,0.981,0.985,0.978,0.981,394690390,387266173,False
2026-04-08,,0.993,1.008,0.991,1.008,982786176,982858995,False
2026-04-09,,1.001,1.003,0.997,1.0,522194078,522325127,False
2026-04-10,,1.003,1.01,1.002,1.003,634182278,638095293,False
2026-04-13,,0.999,1.004,0.998,1.002,426331300,426536596,False
2026-04-14,,1.007,1.012,1.003,1.012,545350305,549115362,False
2026-04-15,,1.016,1.018,1.011,1.012,504267738,511610191,False
2026-04-16,,1.014,1.02,1.013,1.019,472986006,481100267,False
2026-04-17,,1.017,1.02,1.014,1.018,340674563,346171481,False
2026-04-20,,1.017,1.028,1.017,1.027,355280447,363825860,False
2026-04-21,,1.026,1.028,1.022,1.028,325684927,334021363,False
2026-04-22,,1.026,1.035,1.025,1.035,344325867,354842119,False
2026-04-23,,1.035,1.036,1.025,1.03,465442681,479834881,False
2026-04-24,,1.026,1.029,1.021,1.025,311321834,318912465,False
2026-04-27,,1.024,1.028,1.023,1.027,354697764,363897468,False
2026-04-28,,1.026,1.027,1.02,1.024,311644564,318901018,False
2026-04-29,,1.023,1.034,1.021,1.032,341883817,351700549,False
2026-04-30,,1.031,1.034,1.029,1.032,499997500,515744161,False
2026-05-06,,1.037,1.046,1.036,1.045,393299900,409797936,False
2026-05-07,,1.047,1.051,1.046,1.05,258245800,270666761,False
2026-05-08,,1.047,1.053,1.044,1.052,503997636,528582229,False
2026-05-11,,1.052,1.062,1.051,1.062,421294702,445126688,False
2026-05-12,,1.061,1.062,1.052,1.056,357530085,377706936,False
2026-05-13,,1.053,1.067,1.052,1.067,342242199,362630397,False
2026-05-14,,1.068,1.068,1.048,1.048,562741012,594084731,False
